db,hr
24.6,0
21,0.015654805
22,0.016669837
23,0.017743963
24,0.018880331
25,0.020082253
26,0.021353218
30.8,0
